epoch,train loss,train accuracy,validation loss,validation accuracy
1,0.30919390813827513,0.8944000005722046,0.3266826528272811,0.8970000147819519
2,0.3081560450935364,0.8938199877738953,0.35323209415195855,0.8877999782562256
